,postalCode,Gemeente,Province
0,code,,
1,1000,Brussel,Brussel
3,1030,Schaarbeek,Brussel
5,1040,Etterbeek,Brussel
6,1050,Elsene,Brussel
8,1060,Saint-Gilles,Brussel
10,1070,Anderlecht,Brussel
11,1080,Molenbeek-Saint-Jean,Brussel
13,1081,Koekelberg,Brussel
14,1082,Berchem-Sainte-Agathe,Brussel
16,1083,Ganshoren,Brussel
17,1090,Jette,Brussel
18,1140,Evere,Brussel
19,1150,Sint-Pieters-Woluwe,Brussel
21,1160,Auderghem,Brussel
23,1170,Watermaal-Bosvoorde,Brussel
25,1180,Uccle,Brussel
27,1190,Forest,Brussel
29,1200,Sint-Lambrechts-Woluwe,Brussel
31,1210,Saint-Josse-ten-Noode,Brussel
33,1300,Wavre,Brabant wallon
35,1310,La Hulpe,Brabant wallon
37,1315,Incourt,Brabant wallon
38,1320,Beauvechain,Brabant wallon
40,1325,Chaumont-Gistoux,Brabant wallon
41,1330,Rixensart,Brabant wallon
42,1340,Ottignies-Louvain-la-Neuve,Brabant wallon
43,1350,Orp-Jauche,Brabant wallon
44,1357,Hélécine,Brabant wallon
45,1360,Perwez,Brabant wallon
47,1367,Ramillies,Brabant wallon
48,1370,Jodoigne,Brabant wallon
50,1380,Lasne,Brabant wallon
51,1390,Grez-Doiceau,Brabant wallon
53,1400,Nivelles,Brabant wallon
55,1410,Waterloo,Brabant wallon
56,1420,Braine-l'Alleud,Brabant wallon
58,1430,Rebecq,Brabant wallon
59,1435,Mont-Saint-Guibert,Brabant wallon
60,1440,Braine-le-Château,Brabant wallon
62,1450,Chastre,Brabant wallon
63,1457,Walhain,Brabant wallon
64,1460,Ittre,Brabant wallon
66,1470,Genappe,Brabant wallon
68,1480,Tubize,Brabant wallon
70,1490,Court-Saint-Étienne,Brabant wallon
71,1495,Villers-la-Ville,Brabant wallon
72,1500,Halle,Vlaams-Brabant
74,1540,Herne,Vlaams-Brabant
75,1547,Bever,Vlaams-Brabant
77,1560,Hoeilaart,Vlaams-Brabant
78,1570,Galmaarden,Vlaams-Brabant
80,1600,Sint-Pieters-Leeuw,Vlaams-Brabant
81,1620,Drogenbos,Vlaams-Brabant
82,1630,Linkebeek,Vlaams-Brabant
83,1640,Sint-Genesius-Rode,Vlaams-Brabant
85,1650,Beersel,Vlaams-Brabant
86,1670,Pepingen,Vlaams-Brabant
87,1700,Dilbeek,Vlaams-Brabant
88,1730,Asse,Vlaams-Brabant
89,1740,Ternat,Vlaams-Brabant
90,1745,Opwijk,Vlaams-Brabant
91,1750,Lennik,Vlaams-Brabant
92,1755,Gooik,Vlaams-Brabant
93,1760,Roosdaal,Vlaams-Brabant
94,1770,Liedekerke,Vlaams-Brabant
95,1780,Wemmel,Vlaams-Brabant
96,1785,Merchtem,Vlaams-Brabant
97,1790,Affligem,Vlaams-Brabant
98,1800,Vilvoorde,Vlaams-Brabant
100,1820,Steenokkerzeel,Vlaams-Brabant
101,1830,Machelen,Vlaams-Brabant
102,1840,Londerzeel,Vlaams-Brabant
103,1850,Grimbergen,Vlaams-Brabant
104,1860,Meise,Vlaams-Brabant
105,1880,Kapelle-op-den-Bos,Vlaams-Brabant
106,1910,Kampenhout,Vlaams-Brabant
107,1930,Zaventem,Vlaams-Brabant
108,1950,Kraainem,Vlaams-Brabant
109,1970,Wezembeek-Oppem,Vlaams-Brabant
110,1980,Zemst,Vlaams-Brabant
111,2000,Antwerpen,Antwerpen
113,2018,Antwerpen,Antwerpen
115,2020,Antwerpen,Antwerpen
117,2030,Antwerpen,Antwerpen
119,2040,Antwerpen,Antwerpen
121,2050,Antwerpen,Antwerpen
123,2060,Antwerpen,Antwerpen
125,2070,Zwijndrecht,Antwerpen
126,2100,Antwerpen,Antwerpen
128,2110,Wijnegem,Antwerpen
129,2140,Antwerpen,Antwerpen
131,2150,Borsbeek,Antwerpen
132,2160,Wommelgem,Antwerpen
133,2170,Antwerpen,Antwerpen
135,2180,Antwerpen,Antwerpen
137,2200,Herentals,Antwerpen
138,2220,Heist-op-den-Berg,Antwerpen
139,2230,Herselt,Antwerpen
140,2235,Hulshout,Antwerpen
141,2240,Zandhoven,Antwerpen
142,2250,Olen,Antwerpen
143,2260,Westerlo,Antwerpen
144,2270,Herenthout,Antwerpen
145,2275,Lille,Antwerpen
146,2280,Grobbendonk,Antwerpen
147,2290,Vorselaar,Antwerpen
148,2300,Turnhout,Antwerpen
149,2310,Rijkevorsel,Antwerpen
150,2320,Hoogstraten,Antwerpen
151,2330,Merksplas,Antwerpen
152,2340,Beerse,Antwerpen
153,2350,Vosselaar,Antwerpen
154,2360,Oud-Turnhout,Antwerpen
155,2370,Arendonk,Antwerpen
156,2380,Ravels,Antwerpen
157,2387,Baarle-Hertog,Antwerpen
159,2390,Malle,Antwerpen
160,2400,Mol,Antwerpen
161,2430,Laakdal,Antwerpen
162,2440,Geel,Antwerpen
163,2450,Meerhout,Antwerpen
164,2460,Kasterlee,Antwerpen
165,2470,Retie,Antwerpen
166,2480,Dessel,Antwerpen
167,2490,Balen,Antwerpen
168,2500,Lier,Antwerpen
170,2520,Ranst,Antwerpen
171,2530,Boechout,Antwerpen
172,2540,Hove,Antwerpen
173,2547,Lint,Antwerpen
174,2550,Kontich,Antwerpen
175,2560,Nijlen,Antwerpen
176,2570,Duffel,Antwerpen
177,2580,Putte,Antwerpen
178,2590,Berlaar,Antwerpen
179,2600,Antwerpen,Antwerpen
181,2610,Antwerpen,Antwerpen
183,2620,Hemiksem,Antwerpen
184,2627,Schelle,Antwerpen
185,2630,Aartselaar,Antwerpen
186,2640,Mortsel,Antwerpen
187,2650,Edegem,Antwerpen
188,2660,Antwerpen,Antwerpen
190,2800,Mechelen,Antwerpen
192,2820,Bonheiden,Antwerpen
193,2830,Willebroek,Antwerpen
194,2840,Rumst,Antwerpen
195,2845,Niel,Antwerpen
196,2850,Boom,Antwerpen
197,2860,Sint-Katelijne-Waver,Antwerpen
198,2870,Puurs-Sint-Amands,Antwerpen
199,2880,Bornem,Antwerpen
200,2900,Schoten,Antwerpen
201,2910,Essen,Antwerpen
202,2920,Kalmthout,Antwerpen
203,2930,Brasschaat,Antwerpen
204,2940,Stabroek,Antwerpen
205,2950,Kapellen,Antwerpen
206,2960,Brecht,Antwerpen
207,2970,Schilde,Antwerpen
208,2980,Zoersel,Antwerpen
209,2990,Wuustwezel,Antwerpen
210,3000,Leuven,Vlaams-Brabant
212,3020,Herent,Vlaams-Brabant
213,3040,Huldenberg,Vlaams-Brabant
214,3050,Oud-Heverlee,Vlaams-Brabant
215,3060,Bertem,Vlaams-Brabant
216,3070,Kortenberg,Vlaams-Brabant
217,3080,Tervuren,Vlaams-Brabant
218,3090,Overijse,Vlaams-Brabant
219,3110,Rotselaar,Vlaams-Brabant
220,3120,Tremelo,Vlaams-Brabant
221,3130,Begijnendijk,Vlaams-Brabant
222,3140,Keerbergen,Vlaams-Brabant
223,3150,Haacht,Vlaams-Brabant
224,3190,Boortmeerbeek,Vlaams-Brabant
225,3200,Aarschot,Vlaams-Brabant
226,3210,Lubbeek,Vlaams-Brabant
227,3220,Holsbeek,Vlaams-Brabant
228,3270,Scherpenheuvel-Zichem,Vlaams-Brabant
230,3290,Diest,Vlaams-Brabant
231,3300,Tienen,Vlaams-Brabant
233,3320,Hoegaarden,Vlaams-Brabant
234,3350,Linter,Vlaams-Brabant
235,3360,Bierbeek,Vlaams-Brabant
236,3370,Boutersem,Vlaams-Brabant
237,3380,Glabbeek,Vlaams-Brabant
238,3390,Tielt-Winge,Vlaams-Brabant
239,3400,Landen,Vlaams-Brabant
240,3440,Zoutleeuw,Vlaams-Brabant
242,3450,Geetbets,Vlaams-Brabant
243,3460,Bekkevoort,Vlaams-Brabant
244,3470,Kortenaken,Vlaams-Brabant
245,3500,Hasselt,Limburg
246,3520,Zonhoven,Limburg
247,3530,Houthalen-Helchteren,Limburg
248,3540,Herk-de-Stad,Limburg
250,3545,Halen,Limburg
251,3550,Heusden-Zolder,Limburg
252,3560,Lummen,Limburg
253,3570,Alken,Limburg
254,3580,Beringen,Limburg
255,3590,Diepenbeek,Limburg
256,3600,Genk,Limburg
257,3620,Lanaken,Limburg
258,3630,Maasmechelen,Limburg
259,3640,Kinrooi,Limburg
260,3650,Dilsen-Stokkem,Limburg
261,3660,Oudsbergen,Limburg
262,3665,As,Limburg
263,3680,Maaseik,Limburg
264,3690,Zutendaal,Limburg
265,3700,Tongeren,Limburg
267,3717,Herstappe,Limburg
268,3720,Kortessem,Limburg
269,3730,Hoeselt,Limburg
270,3740,Bilzen,Limburg
271,3770,Riemst,Limburg
272,3790,Voeren,Limburg
274,3800,Sint-Truiden,Limburg
276,3830,Wellen,Limburg
277,3840,Borgloon,Limburg
279,3850,Nieuwerkerken,Limburg
280,3870,Heers,Limburg
281,3890,Gingelom,Limburg
282,3900,Pelt,Limburg
283,3920,Lommel,Limburg
284,3930,Hamont-Achel,Limburg
285,3940,Hechtel-Eksel,Limburg
286,3945,Ham,Limburg
287,3950,Bocholt,Limburg
288,3960,Bree,Limburg
289,3970,Leopoldsburg,Limburg
291,3980,Tessenderlo,Limburg
292,3990,Peer,Limburg
293,4000,Liège,Liège
295,4040,Herstal,Liège
296,4050,Chaudfontaine,Liège
297,4100,Seraing,Liège
298,4120,Neupré,Liège
299,4130,Esneux,Liège
300,4140,Sprimont,Liège
301,4160,Anthisnes,Liège
302,4170,Comblain-au-Pont,Liège
303,4180,Hamoir,Liège
304,4190,Ferrières,Liège
305,4210,Burdinne,Liège
306,4217,Héron,Liège
307,4219,Wasseiges,Liège
308,4250,Geer,Liège
309,4257,Berloz,Liège
310,4260,Braives,Liège
311,4280,Hannut,Liège
313,4287,Lincent,Liège
315,4300,Waremme,Liège
317,4317,Faimes,Liège
318,4340,Awans,Liège
319,4347,Fexhe-le-Haut-Clocher,Liège
320,4350,Remicourt,Liège
321,4357,Donceel,Liège
322,4360,Oreye,Liège
324,4367,Crisnée,Liège
325,4400,Flémalle,Liège
326,4420,Saint-Nicolas,Liège
328,4430,Ans,Liège
329,4450,Juprelle,Liège
330,4460,Grâce-Hollogne,Liège
331,4470,Saint-Georges-sur-Meuse,Liège
332,4480,Engis,Liège
333,4500,Huy,Liège
335,4520,Wanze,Liège
336,4530,Villers-le-Bouillet,Liège
337,4537,Verlaine,Liège
338,4540,Amay,Liège
339,4550,Nandrin,Liège
340,4557,Tinlot,Liège
341,4560,Clavier,Liège
342,4570,Marchin,Liège
343,4577,Modave,Liège
344,4590,Ouffet,Liège
345,4600,Visé,Liège
347,4607,Dalhem,Liège
348,4610,Beyne-Heusay,Liège
349,4620,Fléron,Liège
350,4630,Soumagne,Liège
351,4650,Herve,Liège
352,4670,Blégny,Liège
353,4680,Oupeye,Liège
354,4690,Bassenge,Liège
356,4700,Eupen,Liège
357,4710,Lontzen,Liège
358,4720,Kelmis,Liège
360,4730,Raeren,Liège
361,4750,Bütgenbach,Liège
363,4760,Büllingen,Liège
365,4770,Amel,Liège
367,4780,Sankt Vith,Liège
369,4790,Burg-Reuland,Liège
370,4800,Verviers,Liège
371,4820,Dison,Liège
372,4830,Limbourg,Liège
374,4837,Baelen,Liège
376,4840,Welkenraedt,Liège
378,4845,Jalhay,Liège
379,4850,Plombières,Liège
381,4860,Pepinster,Liège
382,4870,Trooz,Liège
383,4877,Olne,Liège
384,4880,Aubel,Liège
385,4890,Thimister-Clermont,Liège
386,4900,Spa,Liège
387,4910,Theux,Liège
388,4920,Aywaille,Liège
389,4950,Waimes,Liège
391,4960,Malmedy,Liège
392,4970,Stavelot,Liège
393,4980,Trois-Ponts,Liège
394,4987,Stoumont,Liège
395,4990,Lierneux,Liège
396,5000,Namur,Namur
398,5030,Gembloux,Namur
400,5060,Sambreville,Namur
401,5070,Fosses-la-Ville,Namur
402,5080,La Bruyère,Namur
403,5140,Sombreffe,Namur
404,5150,Floreffe,Namur
405,5170,Profondeville,Namur
406,5190,Jemeppe-sur-Sambre,Namur
407,5300,Andenne,Namur
408,5310,Éghezée,Namur
409,5330,Assesse,Namur
410,5340,Gesves,Namur
411,5350,Ohey,Namur
412,5360,Hamois,Namur
413,5370,Havelange,Namur
414,5377,Somme-Leuze,Namur
415,5380,Fernelmont,Namur
416,5500,Dinant,Namur
417,5520,Onhaye,Namur
418,5530,Yvoir,Namur
419,5537,Anhée,Namur
420,5540,Hastière,Namur
421,5550,Vresse-sur-Semois,Namur
422,5555,Bièvre,Namur
423,5560,Houyet,Namur
424,5570,Beauraing,Namur
425,5575,Gedinne,Namur
426,5580,Rochefort,Namur
427,5590,Ciney,Namur
428,5600,Philippeville,Namur
429,5620,Florennes,Namur
430,5630,Cerfontaine,Namur
431,5640,Mettet,Namur
432,5650,Walcourt,Namur
433,5660,Couvin,Namur
434,5670,Viroinval,Namur
435,5680,Doische,Namur
436,6000,Charleroi,Hainaut
437,6110,Montigny-le-Tilleul,Hainaut
438,6120,Ham-sur-Heure-Nalinnes,Hainaut
439,6140,Fontaine-l'Évêque,Hainaut
440,6150,Anderlues,Hainaut
441,6180,Courcelles,Hainaut
442,6200,Châtelet,Hainaut
443,6210,Les Bons Villers,Hainaut
444,6220,Fleurus,Hainaut
445,6230,Pont-à-Celles,Hainaut
446,6240,Farciennes,Hainaut
447,6250,Aiseau-Presles,Hainaut
448,6280,Gerpinnes,Hainaut
449,6440,Froidchapelle,Hainaut
450,6460,Chimay,Hainaut
451,6470,Sivry-Rance,Hainaut
452,6500,Beaumont,Hainaut
453,6530,Thuin,Hainaut
454,6540,Lobbes,Hainaut
455,6560,Erquelinnes,Hainaut
456,6567,Merbes-le-Château,Hainaut
457,6590,Momignies,Hainaut
458,6600,Bastogne,Luxembourg
460,6630,Martelange,Luxembourg
461,6637,Fauvillers,Luxembourg
462,6640,Vaux-sur-Sûre,Luxembourg
463,6660,Houffalize,Luxembourg
464,6670,Gouvy,Luxembourg
465,6680,Sainte-Ode,Luxembourg
466,6687,Bertogne,Luxembourg
467,6690,Vielsalm,Luxembourg
468,6700,Arlon,Luxembourg
470,6717,Attert,Luxembourg
471,6720,Habay,Luxembourg
472,6730,Tintigny,Luxembourg
473,6740,Étalle,Luxembourg
474,6747,Saint-Léger,Luxembourg
475,6750,Musson,Luxembourg
476,6760,Virton,Luxembourg
477,6767,Rouvroy,Luxembourg
478,6769,Meix-devant-Virton,Luxembourg
479,6780,Messancy,Luxembourg
480,6790,Aubange,Luxembourg
481,6800,Libramont-Chevigny,Luxembourg
482,6810,Chiny,Luxembourg
483,6820,Florenville,Luxembourg
484,6830,Bouillon,Luxembourg
485,6840,Neufchâteau,Luxembourg
486,6850,Paliseul,Luxembourg
487,6860,Léglise,Luxembourg
488,6870,Saint-Hubert,Luxembourg
489,6880,Bertrix,Luxembourg
490,6887,Herbeumont,Luxembourg
491,6890,Libin,Luxembourg
492,6900,Marche-en-Famenne,Luxembourg
493,6920,Wellin,Luxembourg
494,6927,Tellin,Luxembourg
495,6929,Daverdisse,Luxembourg
496,6940,Durbuy,Luxembourg
497,6950,Nassogne,Luxembourg
498,6960,Manhay,Luxembourg
499,6970,Tenneville,Luxembourg
500,6980,La Roche-en-Ardenne,Luxembourg
501,6987,Rendeux,Luxembourg
502,6990,Hotton,Luxembourg
503,6997,Érezée,Luxembourg
504,7000,Mons,Hainaut
506,7040,Quévy,Hainaut
507,7050,Jurbise,Hainaut
509,7060,Soignies,Hainaut
511,7070,Le Roeulx,Hainaut
512,7080,Frameries,Hainaut
513,7090,Braine-le-Comte,Hainaut
515,7100,La Louvière,Hainaut
516,7120,Estinnes,Hainaut
517,7130,Binche,Hainaut
518,7140,Morlanwelz,Hainaut
519,7160,Chapelle-lez-Herlaimont,Hainaut
520,7170,Manage,Hainaut
521,7180,Seneffe,Hainaut
522,7190,Écaussinnes,Hainaut
523,7300,Boussu,Hainaut
524,7320,Bernissart,Hainaut
525,7330,Saint-Ghislain,Hainaut
526,7340,Colfontaine,Hainaut
527,7350,Hensies,Hainaut
528,7370,Dour,Hainaut
529,7380,Quiévrain,Hainaut
530,7387,Honnelles,Hainaut
531,7390,Quaregnon,Hainaut
532,7500,Tournai,Hainaut
534,7600,Péruwelz,Hainaut
535,7610,Rumes,Hainaut
536,7620,Brunehaut,Hainaut
537,7640,Antoing,Hainaut
538,7700,Mouscron,Hainaut
540,7730,Estaimpuis,Hainaut
542,7740,Pecq,Hainaut
543,7750,Mont-de-l'Enclus,Hainaut
544,7760,Celles,Hainaut
545,7780,Comines-Warneton,Hainaut
547,7800,Ath,Hainaut
549,7830,Silly,Hainaut
551,7850,Enghien,Hainaut
553,7860,Lessines,Hainaut
555,7870,Lens,Hainaut
556,7880,Flobecq,Hainaut
558,7890,Ellezelles,Hainaut
560,7900,Leuze-en-Hainaut,Hainaut
561,7910,Frasnes-lez-Anvaing,Hainaut
562,7940,Brugelette,Hainaut
563,7950,Chièvres,Hainaut
564,7970,Beloeil,Hainaut
565,8000,Brugge,West-Vlaanderen
567,8020,Oostkamp,West-Vlaanderen
568,8210,Zedelgem,West-Vlaanderen
569,8300,Knokke-Heist,West-Vlaanderen
570,8340,Damme,West-Vlaanderen
571,8370,Blankenberge,West-Vlaanderen
572,8377,Zuienkerke,West-Vlaanderen
573,8400,Oostende,West-Vlaanderen
575,8420,De Haan,West-Vlaanderen
576,8430,Middelkerke,West-Vlaanderen
577,8450,Bredene,West-Vlaanderen
578,8460,Oudenburg,West-Vlaanderen
579,8470,Gistel,West-Vlaanderen
580,8480,Ichtegem,West-Vlaanderen
581,8490,Jabbeke,West-Vlaanderen
582,8500,Kortrijk,West-Vlaanderen
584,8520,Kuurne,West-Vlaanderen
585,8530,Harelbeke,West-Vlaanderen
586,8540,Deerlijk,West-Vlaanderen
587,8550,Zwevegem,West-Vlaanderen
588,8560,Wevelgem,West-Vlaanderen
589,8570,Anzegem,West-Vlaanderen
590,8580,Avelgem,West-Vlaanderen
591,8587,Spiere-Helkijn,West-Vlaanderen
593,8600,Diksmuide,West-Vlaanderen
595,8610,Kortemark,West-Vlaanderen
596,8620,Nieuwpoort,West-Vlaanderen
598,8630,Veurne,West-Vlaanderen
600,8640,Vleteren,West-Vlaanderen
601,8647,Lo-Reninge,West-Vlaanderen
602,8650,Houthulst,West-Vlaanderen
603,8660,De Panne,West-Vlaanderen
605,8670,Koksijde,West-Vlaanderen
606,8680,Koekelare,West-Vlaanderen
607,8690,Alveringem,West-Vlaanderen
608,8700,Tielt,West-Vlaanderen
609,8710,Wielsbeke,West-Vlaanderen
610,8720,Dentergem,West-Vlaanderen
611,8730,Beernem,West-Vlaanderen
612,8740,Pittem,West-Vlaanderen
613,8750,Wingene,West-Vlaanderen
614,8755,Ruiselede,West-Vlaanderen
615,8760,Meulebeke,West-Vlaanderen
616,8770,Ingelmunster,West-Vlaanderen
617,8780,Oostrozebeke,West-Vlaanderen
618,8790,Waregem,West-Vlaanderen
619,8800,Roeselare,West-Vlaanderen
621,8810,Lichtervelde,West-Vlaanderen
622,8820,Torhout,West-Vlaanderen
623,8830,Hooglede,West-Vlaanderen
624,8840,Staden,West-Vlaanderen
625,8850,Ardooie,West-Vlaanderen
626,8860,Lendelede,West-Vlaanderen
627,8870,Izegem,West-Vlaanderen
628,8880,Ledegem,West-Vlaanderen
629,8890,Moorslede,West-Vlaanderen
630,8900,Ieper,West-Vlaanderen
632,8920,Langemark-Poelkapelle,West-Vlaanderen
633,8930,Menen,West-Vlaanderen
635,8940,Wervik,West-Vlaanderen
636,8950,Heuvelland,West-Vlaanderen
637,8957,Mesen,West-Vlaanderen
639,8970,Poperinge,West-Vlaanderen
640,8980,Zonnebeke,West-Vlaanderen
641,9000,Gent,Oost-Vlaanderen
643,9060,Zelzate,Oost-Vlaanderen
644,9070,Destelbergen,Oost-Vlaanderen
645,9080,Lochristi,Oost-Vlaanderen
646,9090,Melle,Oost-Vlaanderen
647,9100,Sint-Niklaas,Oost-Vlaanderen
649,9120,Beveren,Oost-Vlaanderen
650,9140,Temse,Oost-Vlaanderen
652,9150,Kruibeke,Oost-Vlaanderen
653,9160,Lokeren,Oost-Vlaanderen
654,9170,Sint-Gillis-Waas,Oost-Vlaanderen
655,9180,Moerbeke,Oost-Vlaanderen
656,9185,Wachtebeke,Oost-Vlaanderen
657,9190,Stekene,Oost-Vlaanderen
658,9200,Dendermonde,Oost-Vlaanderen
660,9220,Hamme,Oost-Vlaanderen
661,9230,Wetteren,Oost-Vlaanderen
662,9240,Zele,Oost-Vlaanderen
663,9250,Waasmunster,Oost-Vlaanderen
664,9255,Buggenhout,Oost-Vlaanderen
665,9260,Wichelen,Oost-Vlaanderen
666,9270,Laarne,Oost-Vlaanderen
667,9280,Lebbeke,Oost-Vlaanderen
668,9290,Berlare,Oost-Vlaanderen
669,9300,Aalst,Oost-Vlaanderen
671,9340,Lede,Oost-Vlaanderen
672,9400,Ninove,Oost-Vlaanderen
673,9420,Erpe-Mere,Oost-Vlaanderen
674,9450,Haaltert,Oost-Vlaanderen
675,9470,Denderleeuw,Oost-Vlaanderen
676,9500,Geraardsbergen,Oost-Vlaanderen
678,9520,Sint-Lievens-Houtem,Oost-Vlaanderen
679,9550,Herzele,Oost-Vlaanderen
680,9570,Lierde,Oost-Vlaanderen
681,9600,Ronse,Oost-Vlaanderen
683,9620,Zottegem,Oost-Vlaanderen
684,9630,Zwalm,Oost-Vlaanderen
685,9660,Brakel,Oost-Vlaanderen
686,9667,Horebeke,Oost-Vlaanderen
687,9680,Maarkedal,Oost-Vlaanderen
688,9690,Kluisbergen,Oost-Vlaanderen
689,9700,Oudenaarde,Oost-Vlaanderen
691,9770, Kruisem,Oost-Vlaanderen
692,9750,Kruisem,Oost-Vlaanderen
693,9790,Wortegem-Petegem,Oost-Vlaanderen
694,9800,Deinze,Oost-Vlaanderen
695,9810,Nazareth,Oost-Vlaanderen
696,9820,Merelbeke,Oost-Vlaanderen
697,9830,Sint-Martens-Latem,Oost-Vlaanderen
698,9930,Lievegem,Oost-Vlaanderen
699,9950,Lievegem,Oost-Vlaanderen
700,9840,De Pinte,Oost-Vlaanderen
701,9860,Oosterzele,Oost-Vlaanderen
702,9870,Zulte,Oost-Vlaanderen
703,9890,Gavere,Oost-Vlaanderen
704,9900,Eeklo,Oost-Vlaanderen
705,9920,Lievegem,Oost-Vlaanderen
706,9940,Evergem,Oost-Vlaanderen
707,9960,Assenede,Oost-Vlaanderen
708,9970,Kaprijke,Oost-Vlaanderen
709,9980,Sint-Laureins,Oost-Vlaanderen
710,9990,Maldegem,Oost-Vlaanderen
711,1020,Brussel,Brussel
713,1120,Brussel,Brussel
714,1130,Brussel,Brussel
716,1301,Wavre,Brabant wallon
730,1331,Rixensart,Brabant wallon
731,1332,Rixensart,Brabant wallon
733,1341,Ottignies-Louvain-la-Neuve,Brabant wallon
734,1342,Ottignies-Louvain-la-Neuve,Brabant wallon
735,1348,Ottignies-Louvain-la-Neuve,Brabant wallon
776,1401,Nivelles,Brabant wallon
777,1402,Nivelles,Brabant wallon
778,1404,Nivelles,Brabant wallon
779,1421,Braine-l'Alleud,Brabant wallon
780,1428,Braine-l'Alleud,Brabant wallon
795,1461,Ittre,Brabant wallon
798,1471,Genappe,Brabant wallon
799,1472,Genappe,Brabant wallon
800,1473,Genappe,Brabant wallon
801,1474,Genappe,Brabant wallon
802,1476,Genappe,Brabant wallon
810,1501,Halle,Vlaams-Brabant
811,1502,Halle,Vlaams-Brabant
813,1541,Herne,Vlaams-Brabant
818,1601,Sint-Pieters-Leeuw,Vlaams-Brabant
819,1602,Sint-Pieters-Leeuw,Vlaams-Brabant
820,1651,Beersel,Vlaams-Brabant
821,1652,Beersel,Vlaams-Brabant
822,1653,Beersel,Vlaams-Brabant
823,1654,Beersel,Vlaams-Brabant
826,1671,Pepingen,Vlaams-Brabant
827,1673,Pepingen,Vlaams-Brabant
828,1674,Pepingen,Vlaams-Brabant
831,1701,Dilbeek,Vlaams-Brabant
832,1702,Dilbeek,Vlaams-Brabant
833,1703,Dilbeek,Vlaams-Brabant
837,1731,Asse,Vlaams-Brabant
839,1741,Ternat,Vlaams-Brabant
840,1742,Ternat,Vlaams-Brabant
851,1761,Roosdaal,Vlaams-Brabant
860,1831,Machelen,Vlaams-Brabant
863,1851,Grimbergen,Vlaams-Brabant
864,1852,Grimbergen,Vlaams-Brabant
865,1853,Grimbergen,Vlaams-Brabant
866,1861,Meise,Vlaams-Brabant
873,1932,Zaventem,Vlaams-Brabant
874,1933,Zaventem,Vlaams-Brabant
876,1981,Zemst,Vlaams-Brabant
877,1982,Zemst,Vlaams-Brabant
890,2221,Heist-op-den-Berg,Antwerpen
891,2222,Heist-op-den-Berg,Antwerpen
893,2223,Heist-op-den-Berg,Antwerpen
899,2242,Zandhoven,Antwerpen
900,2243,Zandhoven,Antwerpen
907,2288,Grobbendonk,Antwerpen
908,2321,Hoogstraten,Antwerpen
909,2322,Hoogstraten,Antwerpen
910,2323,Hoogstraten,Antwerpen
911,2328,Hoogstraten,Antwerpen
913,2381,Ravels,Antwerpen
914,2382,Ravels,Antwerpen
919,2431,Laakdal,Antwerpen
923,2491,Balen,Antwerpen
928,2531,Boechout,Antwerpen
938,2801,Mechelen,Antwerpen
939,2811,Mechelen,Antwerpen
941,2812,Mechelen,Antwerpen
948,2861,Sint-Katelijne-Waver,Antwerpen
955,2890,Puurs-Sint-Amands,Antwerpen
963,3001,Leuven,Vlaams-Brabant
964,3010,Leuven,Vlaams-Brabant
965,3012,Leuven,Vlaams-Brabant
966,3018,Leuven,Vlaams-Brabant
973,3051,Oud-Heverlee,Vlaams-Brabant
974,3052,Oud-Heverlee,Vlaams-Brabant
975,3053,Oud-Heverlee,Vlaams-Brabant
976,3054,Oud-Heverlee,Vlaams-Brabant
978,3061,Bertem,Vlaams-Brabant
979,3071,Kortenberg,Vlaams-Brabant
980,3078,Kortenberg,Vlaams-Brabant
984,3111,Rotselaar,Vlaams-Brabant
985,3118,Rotselaar,Vlaams-Brabant
986,3128,Tremelo,Vlaams-Brabant
990,3191,Boortmeerbeek,Vlaams-Brabant
992,3201,Aarschot,Vlaams-Brabant
993,3202,Aarschot,Vlaams-Brabant
995,3211,Lubbeek,Vlaams-Brabant
996,3212,Lubbeek,Vlaams-Brabant
999,3221,Holsbeek,Vlaams-Brabant
1001,3271,Scherpenheuvel-Zichem,Vlaams-Brabant
1003,3272,Scherpenheuvel-Zichem,Vlaams-Brabant
1008,3293,Diest,Vlaams-Brabant
1009,3294,Diest,Vlaams-Brabant
1019,3321,Hoegaarden,Vlaams-Brabant
1037,3381,Glabbeek,Vlaams-Brabant
1038,3384,Glabbeek,Vlaams-Brabant
1042,3391,Tielt-Winge,Vlaams-Brabant
1050,3401,Landen,Vlaams-Brabant
1054,3404,Landen,Vlaams-Brabant
1061,3454,Geetbets,Vlaams-Brabant
1063,3461,Bekkevoort,Vlaams-Brabant
1065,3471,Kortenaken,Vlaams-Brabant
1066,3472,Kortenaken,Vlaams-Brabant
1067,3473,Kortenaken,Vlaams-Brabant
1069,3501,Hasselt,Limburg
1070,3510,Hasselt,Limburg
1072,3511,Hasselt,Limburg
1074,3512,Hasselt,Limburg
1086,3581,Beringen,Limburg
1087,3582,Beringen,Limburg
1088,3583,Beringen,Limburg
1092,3621,Lanaken,Limburg
1099,3631,Maasmechelen,Limburg
1109,3668,As,Limburg
1110,3670,Oudsbergen,Limburg
1135,3721,Kortessem,Limburg
1136,3722,Kortessem,Limburg
1137,3723,Kortessem,Limburg
1138,3724,Kortessem,Limburg
1142,3732,Hoeselt,Limburg
1153,3742,Bilzen,Limburg
1154,3746,Bilzen,Limburg
1168,3791,Voeren,Limburg
1169,3792,Voeren,Limburg
1171,3793,Voeren,Limburg
1172,3798,Voeren,Limburg
1182,3803,Sint-Truiden,Limburg
1186,3806,Sint-Truiden,Limburg
1188,3831,Wellen,Limburg
1189,3832,Wellen,Limburg
1222,3891,Gingelom,Limburg
1227,3910,Pelt,Limburg
1231,3941,Hechtel-Eksel,Limburg
1240,3971,Leopoldsburg,Limburg
1246,4020,Liège,Liège
1249,4030,Liège,Liège
1250,4031,Liège,Liège
1251,4032,Liège,Liège
1252,4041,Herstal,Liège
1254,4042,Herstal,Liège
1255,4051,Chaudfontaine,Liège
1256,4052,Chaudfontaine,Liège
1257,4053,Chaudfontaine,Liège
1259,4101,Seraing,Liège
1260,4102,Seraing,Liège
1263,4121,Neupré,Liège
1264,4122,Neupré,Liège
1269,4141,Sprimont,Liège
1270,4161,Anthisnes,Liège
1271,4162,Anthisnes,Liège
1272,4163,Anthisnes,Liège
1273,4171,Comblain-au-Pont,Liège
1275,4181,Hamoir,Liège
1287,4218,Héron,Liège
1294,4252,Geer,Liège
1295,4253,Geer,Liège
1296,4254,Geer,Liège
1304,4261,Braives,Liège
1305,4263,Braives,Liège
1339,4342,Awans,Liège
1347,4351,Remicourt,Liège
1368,4431,Ans,Liège
1369,4432,Ans,Liège
1373,4451,Juprelle,Liège
1374,4452,Juprelle,Liège
1376,4453,Juprelle,Liège
1377,4458,Juprelle,Liège
1426,4601,Visé,Liège
1427,4602,Visé,Liège
1428,4606,Dalhem,Liège
1433,4608,Dalhem,Liège
1437,4621,Fléron,Liège
1438,4623,Fléron,Liège
1439,4624,Fléron,Liège
1442,4631,Soumagne,Liège
1444,4632,Soumagne,Liège
1445,4633,Soumagne,Liège
1449,4651,Herve,Liège
1450,4652,Herve,Liège
1451,4653,Herve,Liège
1452,4654,Herve,Liège
1455,4671,Blégny,Liège
1458,4672,Blégny,Liège
1460,4681,Oupeye,Liège
1461,4682,Oupeye,Liège
1463,4683,Oupeye,Liège
1464,4684,Oupeye,Liège
1470,4701,Eupen,Liège
1471,4711,Lontzen,Liège
1472,4721,Kelmis,Liège
1473,4728,Kelmis,Liège
1475,4731,Raeren,Liège
1478,4761,Büllingen,Liège
1480,4771,Amel,Liège
1482,4782,Sankt Vith,Liège
1483,4783,Sankt Vith,Liège
1484,4784,Sankt Vith,Liège
1486,4791,Burg-Reuland,Liège
1490,4801,Verviers,Liège
1491,4802,Verviers,Liège
1492,4821,Dison,Liège
1493,4831,Limbourg,Liège
1494,4834,Limbourg,Liège
1496,4841,Welkenraedt,Liège
1500,4851,Plombières,Liège
1502,4852,Plombières,Liège
1505,4861,Pepinster,Liège
1523,4983,Trois-Ponts,Liège
1531,5001,Namur,Namur
1532,5002,Namur,Namur
1533,5003,Namur,Namur
1534,5004,Namur,Namur
1535,5020,Namur,Namur
1542,5021,Namur,Namur
1543,5022,Namur,Namur
1544,5024,Namur,Namur
1551,5031,Gembloux,Namur
1552,5032,Gembloux,Namur
1573,5081,La Bruyère,Namur
1576,5100,Namur,Namur
1581,5101,Namur,Namur
1628,5332,Assesse,Namur
1629,5333,Assesse,Namur
1630,5334,Assesse,Namur
1631,5336,Assesse,Namur
1637,5351,Ohey,Namur
1638,5352,Ohey,Namur
1639,5353,Ohey,Namur
1640,5354,Ohey,Namur
1642,5361,Hamois,Namur
1644,5362,Hamois,Namur
1645,5363,Hamois,Namur
1646,5364,Hamois,Namur
1652,5372,Havelange,Namur
1653,5374,Havelange,Namur
1654,5376,Havelange,Namur
1679,5501,Dinant,Namur
1680,5502,Dinant,Namur
1681,5503,Dinant,Namur
1682,5504,Dinant,Namur
1684,5521,Onhaye,Namur
1685,5522,Onhaye,Namur
1686,5523,Onhaye,Namur
1688,5524,Onhaye,Namur
1708,5541,Hastière,Namur
1709,5542,Hastière,Namur
1710,5543,Hastière,Namur
1711,5544,Hastière,Namur
1738,5561,Houyet,Namur
1739,5562,Houyet,Namur
1740,5563,Houyet,Namur
1741,5564,Houyet,Namur
1751,5571,Beauraing,Namur
1752,5572,Beauraing,Namur
1753,5573,Beauraing,Namur
1754,5574,Beauraing,Namur
1766,5576,Beauraing,Namur
1807,5621,Florennes,Namur
1821,5641,Mettet,Namur
1822,5644,Mettet,Namur
1823,5646,Mettet,Namur
1832,5651,Walcourt,Namur
1869,6001,Charleroi,Hainaut
1870,6010,Charleroi,Hainaut
1871,6020,Charleroi,Hainaut
1872,6030,Charleroi,Hainaut
1874,6031,Charleroi,Hainaut
1875,6032,Charleroi,Hainaut
1876,6040,Charleroi,Hainaut
1877,6041,Charleroi,Hainaut
1878,6042,Charleroi,Hainaut
1879,6043,Charleroi,Hainaut
1880,6044,Charleroi,Hainaut
1881,6060,Charleroi,Hainaut
1882,6061,Charleroi,Hainaut
1883,6111,Montigny-le-Tilleul,Hainaut
1889,6141,Fontaine-l'Évêque,Hainaut
1890,6142,Fontaine-l'Évêque,Hainaut
1891,6181,Courcelles,Hainaut
1892,6182,Courcelles,Hainaut
1893,6183,Courcelles,Hainaut
1900,6211,Les Bons Villers,Hainaut
1904,6221,Fleurus,Hainaut
1905,6222,Fleurus,Hainaut
1906,6223,Fleurus,Hainaut
1907,6224,Fleurus,Hainaut
1912,6238,Pont-à-Celles,Hainaut
1927,6441,Froidchapelle,Hainaut
1933,6461,Chimay,Hainaut
1934,6462,Chimay,Hainaut
1935,6463,Chimay,Hainaut
1936,6464,Chimay,Hainaut
1952,6511,Beaumont,Hainaut
1954,6531,Thuin,Hainaut
1955,6532,Thuin,Hainaut
1956,6533,Thuin,Hainaut
1957,6534,Thuin,Hainaut
1958,6536,Thuin,Hainaut
1961,6542,Lobbes,Hainaut
1962,6543,Lobbes,Hainaut
1971,6591,Momignies,Hainaut
1972,6592,Momignies,Hainaut
1973,6593,Momignies,Hainaut
1974,6594,Momignies,Hainaut
1975,6596,Momignies,Hainaut
1988,6642,Vaux-sur-Sûre,Luxembourg
1990,6661,Houffalize,Luxembourg
1992,6662,Houffalize,Luxembourg
1993,6663,Houffalize,Luxembourg
1994,6666,Houffalize,Luxembourg
1996,6671,Gouvy,Luxembourg
1997,6672,Gouvy,Luxembourg
1998,6673,Gouvy,Luxembourg
1999,6674,Gouvy,Luxembourg
2002,6681,Sainte-Ode,Luxembourg
2003,6686,Bertogne,Luxembourg
2004,6688,Bertogne,Luxembourg
2006,6692,Vielsalm,Luxembourg
2007,6698,Vielsalm,Luxembourg
2011,6704,Arlon,Luxembourg
2012,6706,Arlon,Luxembourg
2019,6721,Habay,Luxembourg
2020,6723,Habay,Luxembourg
2021,6724,Habay,Luxembourg
2028,6741,Étalle,Luxembourg
2029,6742,Étalle,Luxembourg
2030,6743,Étalle,Luxembourg
2037,6761,Virton,Luxembourg
2038,6762,Virton,Luxembourg
2049,6781,Messancy,Luxembourg
2050,6782,Messancy,Luxembourg
2051,6791,Aubange,Luxembourg
2052,6792,Aubange,Luxembourg
2064,6811,Chiny,Luxembourg
2065,6812,Chiny,Luxembourg
2066,6813,Chiny,Luxembourg
2070,6821,Florenville,Luxembourg
2071,6823,Florenville,Luxembourg
2072,6824,Florenville,Luxembourg
2076,6831,Bouillon,Luxembourg
2077,6832,Bouillon,Luxembourg
2078,6833,Bouillon,Luxembourg
2080,6834,Bouillon,Luxembourg
2081,6836,Bouillon,Luxembourg
2082,6838,Bouillon,Luxembourg
2090,6851,Paliseul,Luxembourg
2091,6852,Paliseul,Luxembourg
2093,6853,Paliseul,Luxembourg
2094,6856,Paliseul,Luxembourg
2123,6921,Wellin,Luxembourg
2124,6922,Wellin,Luxembourg
2125,6924,Wellin,Luxembourg
2136,6941,Durbuy,Luxembourg
2144,6951,Nassogne,Luxembourg
2145,6952,Nassogne,Luxembourg
2146,6953,Nassogne,Luxembourg
2156,6971,Tenneville,Luxembourg
2157,6972,Tenneville,Luxembourg
2159,6982,La Roche-en-Ardenne,Luxembourg
2160,6983,La Roche-en-Ardenne,Luxembourg
2161,6984,La Roche-en-Ardenne,Luxembourg
2162,6986,La Roche-en-Ardenne,Luxembourg
2172,7011,Mons,Hainaut
2173,7012,Mons,Hainaut
2175,7020,Mons,Hainaut
2177,7021,Mons,Hainaut
2178,7022,Mons,Hainaut
2183,7024,Mons,Hainaut
2184,7030,Mons,Hainaut
2185,7031,Mons,Hainaut
2186,7032,Mons,Hainaut
2187,7033,Mons,Hainaut
2188,7034,Mons,Hainaut
2198,7041,Quévy,Hainaut
2206,7061,Soignies,Hainaut
2208,7062,Soignies,Hainaut
2209,7063,Soignies,Hainaut
2228,7110,La Louvière,Hainaut
2243,7131,Binche,Hainaut
2244,7133,Binche,Hainaut
2245,7134,Binche,Hainaut
2250,7141,Morlanwelz,Hainaut
2258,7181,Seneffe,Hainaut
2264,7191,Écaussinnes,Hainaut
2265,7301,Boussu,Hainaut
2266,7321,Bernissart,Hainaut
2268,7322,Bernissart,Hainaut
2270,7331,Saint-Ghislain,Hainaut
2271,7332,Saint-Ghislain,Hainaut
2273,7333,Saint-Ghislain,Hainaut
2274,7334,Saint-Ghislain,Hainaut
2286,7382,Quiévrain,Hainaut
2300,7501,Tournai,Hainaut
2301,7502,Tournai,Hainaut
2302,7503,Tournai,Hainaut
2303,7504,Tournai,Hainaut
2304,7506,Tournai,Hainaut
2305,7520,Tournai,Hainaut
2307,7521,Tournai,Hainaut
2308,7522,Tournai,Hainaut
2312,7530,Tournai,Hainaut
2313,7531,Tournai,Hainaut
2314,7532,Tournai,Hainaut
2315,7533,Tournai,Hainaut
2316,7534,Tournai,Hainaut
2318,7536,Tournai,Hainaut
2319,7538,Tournai,Hainaut
2320,7540,Tournai,Hainaut
2324,7542,Tournai,Hainaut
2325,7543,Tournai,Hainaut
2326,7548,Tournai,Hainaut
2327,7601,Péruwelz,Hainaut
2328,7602,Péruwelz,Hainaut
2329,7603,Péruwelz,Hainaut
2330,7604,Péruwelz,Hainaut
2335,7608,Péruwelz,Hainaut
2336,7611,Rumes,Hainaut
2337,7618,Rumes,Hainaut
2343,7621,Brunehaut,Hainaut
2344,7622,Brunehaut,Hainaut
2345,7623,Brunehaut,Hainaut
2346,7624,Brunehaut,Hainaut
2349,7641,Antoing,Hainaut
2350,7642,Antoing,Hainaut
2351,7643,Antoing,Hainaut
2353,7710,La Louvière,Hainaut
2354,7711,Mouscron,Hainaut
2356,7712,Mouscron,Hainaut
2364,7742,Pecq,Hainaut
2365,7743,Pecq,Hainaut
2378,7781,Comines-Warneton,Hainaut
2379,7782,Comines-Warneton,Hainaut
2380,7784,Comines-Warneton,Hainaut
2385,7801,Ath,Hainaut
2386,7802,Ath,Hainaut
2387,7803,Ath,Hainaut
2388,7804,Ath,Hainaut
2390,7810,Ath,Hainaut
2391,7811,Ath,Hainaut
2392,7812,Ath,Hainaut
2398,7822,Ath,Hainaut
2401,7823,Ath,Hainaut
2413,7861,Lessines,Hainaut
2415,7862,Lessines,Hainaut
2416,7863,Lessines,Hainaut
2417,7864,Lessines,Hainaut
2418,7866,Lessines,Hainaut
2428,7901,Leuze-en-Hainaut,Hainaut
2429,7903,Leuze-en-Hainaut,Hainaut
2432,7904,Leuze-en-Hainaut,Hainaut
2435,7906,Leuze-en-Hainaut,Hainaut
2443,7911,Frasnes-lez-Anvaing,Hainaut
2450,7912,Frasnes-lez-Anvaing,Hainaut
2453,7941,Brugelette,Hainaut
2454,7942,Brugelette,Hainaut
2455,7943,Brugelette,Hainaut
2460,7951,Chièvres,Hainaut
2461,7971,Beloeil,Hainaut
2465,7972,Beloeil,Hainaut
2468,7973,Beloeil,Hainaut
2474,8200,Brugge,West-Vlaanderen
2478,8211,Zedelgem,West-Vlaanderen
2481,8301,Knokke-Heist,West-Vlaanderen
2483,8310,Brugge,West-Vlaanderen
2494,8380,Brugge,West-Vlaanderen
2500,8421,De Haan,West-Vlaanderen
2501,8431,Middelkerke,West-Vlaanderen
2502,8432,Middelkerke,West-Vlaanderen
2503,8433,Middelkerke,West-Vlaanderen
2507,8434,Middelkerke,West-Vlaanderen
2521,8501,Kortrijk,West-Vlaanderen
2523,8510,Kortrijk,West-Vlaanderen
2527,8511,Kortrijk,West-Vlaanderen
2528,8531,Harelbeke,West-Vlaanderen
2530,8551,Zwevegem,West-Vlaanderen
2531,8552,Zwevegem,West-Vlaanderen
2532,8553,Zwevegem,West-Vlaanderen
2533,8554,Zwevegem,West-Vlaanderen
2539,8572,Anzegem,West-Vlaanderen
2540,8573,Anzegem,West-Vlaanderen
2541,8581,Avelgem,West-Vlaanderen
2543,8582,Avelgem,West-Vlaanderen
2544,8583,Avelgem,West-Vlaanderen
2597,8691,Alveringem,West-Vlaanderen
2614,8791,Waregem,West-Vlaanderen
2615,8792,Waregem,West-Vlaanderen
2616,8793,Waregem,West-Vlaanderen
2623,8851,Ardooie,West-Vlaanderen
2632,8902,Ieper,West-Vlaanderen
2635,8904,Ieper,West-Vlaanderen
2637,8906,Ieper,West-Vlaanderen
2638,8908,Ieper,West-Vlaanderen
2646,8951,Heuvelland,West-Vlaanderen
2647,8952,Heuvelland,West-Vlaanderen
2648,8953,Heuvelland,West-Vlaanderen
2649,8954,Heuvelland,West-Vlaanderen
2650,8956,Heuvelland,West-Vlaanderen
2651,8958,Heuvelland,West-Vlaanderen
2653,8972,Poperinge,West-Vlaanderen
2656,8978,Poperinge,West-Vlaanderen
2661,9030,Gent,Oost-Vlaanderen
2662,9031,Gent,Oost-Vlaanderen
2663,9032,Gent,Oost-Vlaanderen
2664,9040,Gent,Oost-Vlaanderen
2665,9041,Gent,Oost-Vlaanderen
2666,9042,Gent,Oost-Vlaanderen
2669,9050,Gent,Oost-Vlaanderen
2671,9051,Gent,Oost-Vlaanderen
2673,9052,Gent,Oost-Vlaanderen
2680,9111,Sint-Niklaas,Oost-Vlaanderen
2681,9112,Sint-Niklaas,Oost-Vlaanderen
2685,9130,Beveren,Oost-Vlaanderen
2718,9308,Aalst,Oost-Vlaanderen
2720,9310,Aalst,Oost-Vlaanderen
2724,9320,Aalst,Oost-Vlaanderen
2736,9401,Ninove,Oost-Vlaanderen
2737,9402,Ninove,Oost-Vlaanderen
2738,9403,Ninove,Oost-Vlaanderen
2739,9404,Ninove,Oost-Vlaanderen
2740,9406,Ninove,Oost-Vlaanderen
2751,9451,Haaltert,Oost-Vlaanderen
2752,9472,Denderleeuw,Oost-Vlaanderen
2753,9473,Denderleeuw,Oost-Vlaanderen
2762,9506,Geraardsbergen,Oost-Vlaanderen
2772,9521,Sint-Lievens-Houtem,Oost-Vlaanderen
2778,9551,Herzele,Oost-Vlaanderen
2779,9552,Herzele,Oost-Vlaanderen
2782,9571,Lierde,Oost-Vlaanderen
2783,9572,Lierde,Oost-Vlaanderen
2805,9636,Zwalm,Oost-Vlaanderen
2812,9661,Brakel,Oost-Vlaanderen
2817,9681,Maarkedal,Oost-Vlaanderen
2818,9688,Maarkedal,Oost-Vlaanderen
2837,9771,Kruisem,Oost-Vlaanderen
2838,9772,Kruisem,Oost-Vlaanderen
2860,9831,Sint-Martens-Latem,Oost-Vlaanderen
2862,9850,Deinze,Oost-Vlaanderen
2874,9880,Aalter,Oost-Vlaanderen
2876,9881,Aalter,Oost-Vlaanderen
2882,9910,Aalter,Oost-Vlaanderen
2884,9921,Lievegem,Oost-Vlaanderen
2885,9931,Lievegem,Oost-Vlaanderen
2886,9932,Lievegem,Oost-Vlaanderen
2890,9961,Assenede,Oost-Vlaanderen
2891,9968,Assenede,Oost-Vlaanderen
2893,9971,Kaprijke,Oost-Vlaanderen
2894,9981,Sint-Laureins,Oost-Vlaanderen
2895,9982,Sint-Laureins,Oost-Vlaanderen
2896,9988,Sint-Laureins,Oost-Vlaanderen
2898,9991,Maldegem,Oost-Vlaanderen
2899,9992,Maldegem,Oost-Vlaanderen
